days,Brookfield Place,East 35th St.,BMB-Slip 5,Highlands,Atlantic Highlands
Monday-Friday,,6:45 AM,6:25 AM,7:40 AM,
Monday-Friday,6:55 AM,,7:10 AM,,7:55 AM
Monday-Friday,,8:00 AM,7:40 AM,,9:00 AM
Monday-Friday,,8:30 AM,8:10 AM,,9:15 AM
Monday-Friday,,11:15 AM,11:00 AM,12:05 PM,
Monday-Friday,,1:10 PM,1:30 PM,2:25 PM,2:10 PM
Monday-Friday,,2:40 PM,3:00 PM,3:40 PM,3:55 PM
Monday-Friday,4:25 PM,3:55 PM,4:15 PM,5:00 PM,
Monday-Friday,,4:25 PM,4:40 PM,5:20 PM,5:35 PM
Monday-Friday,5:20 PM,,5:05 PM,6:10 PM,6:00 PM
Monday-Friday,,5:10 PM,5:30 PM,6:20 PM,6:10 PM
Monday-Friday,,6:00 PM,6:20 PM,7:00 PM,7:20 PM
Monday-Friday,,6:30 PM,6:45 PM,7:30 PM,7:40 PM
Monday-Friday,,7:30 PM,7:45 PM,8:35 PM,8:25 PM
Monday-Friday,,8:20 PM,8:40 PM,9:30 PM,9:20 PM
Monday-Wednesday,,9:45 PM,10:00 PM,10:55 PM,10:40 PM
Thursday-Friday,,10:30 PM,10:45 PM,11:25 PM,11:35 PM
