days,Highlands,Atlantic Highlands,BMB-Slip 5,East 35th St.,Brookfield Place
Monday-Friday,5:45 AM,,6:25 AM,6:45 AM,
Monday-Friday,6:20 AM,,7:10 AM,,6:55 AM
Monday-Friday,,7:00 AM,7:40 AM,8:00 AM,
Monday-Friday,,7:30 AM,8:10 AM,8:30 AM,
Monday-Friday,7:55 AM,,8:35 AM,8:50 AM,
Monday-Friday,,8:10 AM,9:00 AM,9:15 AM,8:45 AM
Monday-Friday,,9:10 AM,9:50 AM,10:05 AM,
Monday-Friday,,10:15 AM,10:55 AM,11:10 AM,
Monday-Friday,12:15 PM,,1:25 PM,1:05 PM,
Monday-Friday,3:00 PM,,4:05 PM,3:50 PM,4:20 PM
Monday-Friday,3:45 PM,4:00 PM,5:20 PM,5:00 PM,
Monday-Friday,5:05 PM,,6:10 PM,5:55 PM,
Monday-Friday,5:25 PM,5:40 PM,6:40 PM,6:25 PM,
Monday-Friday,6:30 PM,6:15 PM,7:40 PM,7:25 PM,
Monday-Friday,7:10 PM,,8:35 PM,8:15 PM,
Monday-Wednesday,8:30 PM,,9:55 PM,9:40 PM,
Thursday-Friday,9:25 PM,,10:40 PM,10:25 PM,
